{
    "name": "adls_TitleMaster",
    "properties": {
        "linkedServiceName": {
            "referenceName": "AzureDataLakeStorage1",
            "type": "LinkedServiceReference"
        },
        "annotations": [],
        "type": "DelimitedText",
        "typeProperties": {
            "location": {
                "type": "AzureBlobFSLocation",
                "fileName": "TitleMaster.csv",
                "folderPath": "dirpayrollfiles",
                "fileSystem": "adlsnycpayroll-anhnguyen"
            },
            "columnDelimiter": ",",
            "escapeChar": "\\",
            "firstRowAsHeader": true,
            "quoteChar": "\""
        },
        "schema": [
            {
                "name": "TitleCode",
                "type": "String"
            },
            {
                "name": "TitleDescription",
                "type": "String"
            }
        ]
    }
}